-3.2871,-94.273,3
-4.4233,-94.119,3
-4.8171,-92.481,3
-2.9291,-95.559,3
-3.487,-94.869,3
-4.3321,-94.849,3
-2.9979,-94.997,3
-3.7608,-94.547,3
-2.4108,-93.136,3
-4.1897,-93.929,3
-5.0893,-93.795,3
-27.961,96.174,1
-31.407,95.644,1
-29.126,95.648,1
-26.767,95.343,1
-25.748,93.715,1
-29.497,98.299,1
-4.6982,-93.405,3
-3.7972,-95.478,3
-2.6209,-95.424,3
-3.6126,-96.422,3
-4.5361,-95.886,3
-27.575,94.195,1
-27.435,96.597,1
-2.7336,-98.941,3
-4.2324,-96.694,3
-4.1203,-97.104,3
-2.0411,-97.783,3
-1.4606,-98.578,3
-2.1298,-99.008,3
-0.60311,-98.753,3
-2.0173,-96.667,3
-1.3523,-96.829,3
-1.8314,-95.501,3
-1.531,-98.156,3
-0.71646,-98.213,3
-0.22569,-99.093,3
-2.2988,-98.572,3
-0.39229,-100.7,3
-1.2492,-98.994,3
-0.99115,-99.534,3
-0.36957,-100.09,3
-1.0402,-100.23,3
-1.4082,-99.744,3
-0.69198,-101.51,3
-0.41554,-97.727,3
-1.1886,-97.713,3
-0.60408,-99.394,3
-1.9181,-100.42,3
-1.3451,-100.88,3
-1.1516,-95.773,3
-26.602,90.206,1
-26.603,90.208,1
0.62117,-97.91,3
-0.022332,-99.463,3
-3.1574,-93.031,3
-0.49231,-97.453,3
-0.44347,-96.535,3
-1.2776,-96.336,3
-2.3272,-94.162,3
-3.7229,-92.941,3
-3.9459,-92.103,3
-5.3565,-89.384,3
-5.6574,-88.754,3
-5.3684,-88.282,3
-5.3677,-87.583,3
-6.1966,-87.873,3
-5.798,-87.594,3
-6.0483,-86.716,3
-5.2564,-86.528,3
-5.457,-86.264,3
-6.441,-86.689,3
-6.7764,-86.519,3
-5.732,-85.73,3
-5.201,-85.471,3
-5.8333,-86.306,3
-6.3243,-86.128,3
-6.6104,-85.813,3
-6.5254,-85.383,3
-6.4886,-85.277,3
-5.8819,-85.267,3
-6.0756,-85.017,3
-1.7366,3.2762,2
-1.0559,2.8813,2
18.463,-27.316,2
-0.86751,3.2906,2
-0.76343,4.0147,2
1.2791,6.2884,2
0.95893,5.9859,2
14.793,10.662,2
-0.42196,5.5594,2
0.2339,6.0979,2
0.63503,4.6927,2
8.2557,-12.044,2
90.593,-14.309,2
89.968,-15.081,2
17.228,-19.38,2
22.967,-29.59,2
24.802,-32.563,2
19.14,-24.622,2
24.772,-32.731,2
18.448,-26.746,2
8.3533,-11.553,2
8.2141,-10.912,2
3.6711,3.5097,2
8.2686,-6.7521,2
15.837,-16.651,2
3.6858,-1.789,2
-30.383,94.595,1
-26.131,94.907,1
19.386,-25.132,2
92.793,-13.295,2
92.748,-13.331,2
92.108,-13.832,2
90.89,-14.125,2
9.0171,1.064,2
7.0912,5.7671,2
17.206,-16.292,2
11.389,-7.7103,2
11.161,-7.0438,2
20.065,-26.93,2
20.12,-22.195,2
9.4966,5.6187,2
25.064,-32.05,2
27.074,15.02,2
7.0377,3.3869,2
6.7162,-3.1349,2
1.8712,2.2229,2
0.67936,1.3606,2
1.8523,3.0039,2
10.54,-7.033,2
24.7,-30.756,2
24.429,-29.863,2
24.617,-30.303,2
23.176,-28.748,2
23.978,-27.517,2
21.827,-26.636,2
23.475,-27.717,2
21.55,-27.114,2
24.02,-26.868,2
74.56,-13.734,2
24.457,-29.021,2
23.164,-28.387,2
22.297,-28.69,2
71.755,-9.4941,2
23.52,-30.204,2
22.171,-29.26,2
-28.942,94.1,1
23.645,-26.657,2
23.045,-26.921,2
19.079,-24.261,2
19.877,-23.933,2
21.485,-22.852,2
25.383,-27.377,2
22.356,-27.856,2
22.196,-26.371,2
20.854,-24.239,2
21.695,-25.841,2
21.601,-21.913,2
61.397,-0.074829,2
23.103,-25.057,2
28.343,-16.224,2
21.799,-22.26,2
21.3,-25.07,2
19.617,-16.329,2
20.919,-16.18,2
17.993,-20.664,2
19.167,-20.239,2
22.793,-19.879,2
23.005,-24.299,2
23.943,-31.196,2
-27.004,98.225,1
-28.877,97.555,1
-31.039,93.949,1
-27.438,97.422,1
-29.769,92.703,1
15.04,-16.19,2
23.608,13.098,2
19.183,-15.542,2
10.443,-11.534,2
14.898,-18.116,2
19.428,-12.457,2
22.727,-15.239,2
19.582,-15.255,2
20.023,-15.01,2
20.785,-20.818,2
11.712,-11.597,2
16.164,-18.321,2
21.088,-15.618,2
23.038,-14.439,2
23.797,-14.22,2
26.897,-15.528,2
22.526,-19.917,2
19.967,-27.392,2
27.893,-15.863,2
28.372,-15.753,2
40.836,7.0032,2
23.698,-13.787,2
28.206,-15.997,2
26.42,-14.916,2
24.343,-13.52,2
25.434,-13.169,2
26.375,-11.63,2
24.794,-9.0459,2
25.34,-9.9216,2
26.011,-11.691,2
40.493,7.412,2
39.787,10.355,2
51.241,-17.684,2
49.063,-16.815,2
37.772,-3.1552,2
36.263,-2.6311,2
39.35,10.104,2
35.988,12.419,2
28.997,4.8016,2
42.349,11.122,2
27.859,-5.6991,2
49.43,-16.826,2
28.1,4.5681,2
28.154,5.2227,2
27.347,5.3824,2
28.18,11.369,2
76.125,0.53472,2
-28.307,94.647,1
-28.671,98.52,1
-30.234,97.876,1
-28.771,96.798,1
-27.03,94.692,1
21.157,-5.9797,2
22.429,11.587,2
22.283,10.41,2
27.833,13.823,2
12.557,9.5627,2
9.6168,9.5215,2
1.0783,6.6709,2
10.697,8.008,2
10.619,8.5659,2
26.628,14.039,2
22.482,-13.75,2
10.943,-7.5033,2
17.772,-18.159,2
11.48,6.9981,2
17.342,-15.509,2
8.8573,-8.621,2
23.722,12.334,2
17.62,6.6973,2
9.1,5.1811,2
2.8847,6.5866,2
8.5093,5.3482,2
25.413,-27.89,2
22.503,-28.311,2
9.2915,4.4958,2
18.565,-10.626,2
17.406,-15.649,2
8.6539,-8.561,2
12.916,9.2449,2
11.56,6.6195,2
10.953,-6.6041,2
10.303,-6.1259,2
17.882,-9.8006,2
6.8255,-7.3827,2
18.835,-18.184,2
19.219,-15.077,2
6.8162,4.996,2
9.5954,-11.148,2
2.5576,-0.8247,2
6.3693,0.86613,2
2.4676,4.2817,2
10.119,7.7449,2
15.355,10.385,2
12.259,7.0082,2
6.3965,5.7988,2
7.8879,4.3749,2
16.424,3.7711,2
2.9587,4.1467,2
0.83582,3.8303,2
17.434,-19.436,2
8.6721,6.0104,2
8.8757,10.178,2
8.6809,6.7077,2
15.856,-17.432,2
20.561,-23.383,2
89.999,-14.276,2
25.081,-28.313,2
90.592,-13.601,2
13.365,8.6018,2
24.405,-29.54,2
89.993,-13.83,2
7.3384,3.904,2
90.186,-14.073,2
1.1269,3.8932,2
6.4123,8.4503,2
4.4231,5.0356,2
6.0589,8.4139,2
21.305,8.4009,2
10.723,12.312,2
10.308,13.191,2
-29.327,96.434,1
26.075,14.533,2
9.3361,6.1958,2
18.602,-8.8308,2
20.268,6.012,2
13.941,8.3187,2
10.659,10.503,2
-30.519,93.211,1
-28.108,96.874,1
-27.687,94.896,1
-25.322,96.304,1
-27.389,95.589,1
26.463,3.3449,2
12.115,-22.183,2
6.3682,-11.527,2
7.9548,0.33077,2
17.324,-21.123,2
9.5179,-3.2312,2
13.664,-7.4437,2
2.514,-0.62749,2
-0.67625,0.76704,2
42.644,-59.43,4
-0.51484,0.26607,2
-0.72772,2.0807,2
5.6584,5.0203,2
3.0149,-0.32834,2
0.70734,3.5299,2
1.6301,2.4132,2
0.27776,1.5727,2
1.0331,2.3019,2
6.1325,-6.8934,2
12.062,-5.8616,2
13.182,-5.6962,2
8.2521,-5.7718,2
6.1663,-4.6494,2
5.4999,-4.5287,2
7.4414,-4.1932,2
4.4347,-3.1547,2
9.9791,-3.0142,2
9.9912,1.3749,2
11.352,-3.0634,2
13.001,0.30975,2
12.815,-0.14336,2
17.372,-2.89,2
17.355,-3.1491,2
24.662,2.1207,2
19.738,-1.6208,2
24.814,2.2676,2
19.288,-6.203,2
3.13,4.3885,2
4.5608,1.7243,2
5.432,-2.3908,2
4.921,2.1622,2
14.63,-0.089074,2
4.5315,0.81712,2
-26.103,95.718,1
1.7891,-0.88914,2
16.329,-8.9253,2
5.8614,-3.1894,2
15.401,0.36135,2
14.914,-0.053001,2
4.6797,-0.40103,2
3.5206,0.4385,2
4.4108,3.9271,2
3.7575,1.6486,2
6.056,-6.0236,2
9.417,2.2814,2
13.842,0.059096,2
6.1216,2.6496,2
5.5805,-2.2868,2
4.972,-3.281,2
4.8491,-2.8915,2
15.142,2.3036,2
6.694,-1.8352,2
14.978,-10.942,2
16.587,-21.218,2
9.8288,-13.007,2
1.0731,0.21144,2
5.5928,9.2333,2
10.118,4.6798,2
7.5355,2.5657,2
16.985,4.9798,2
4.9548,0.3949,2
5.1446,1.9451,2
6.164,9.3526,2
31.082,13.04,2
6.5258,9.6314,2
52.893,27.26,2
9.5922,13.254,2
9.3178,13.289,2
3.144,-1.5186,2
5.1508,3.0424,2
6.172,8.9263,2
7.3502,6.9043,2
22.208,9.8467,2
25.346,11.358,2
15.249,8.8346,2
4.1354,-2.0421,2
10.717,-4.0215,2
3.6978,-2.661,2
6.4429,-6.0193,2
5.8506,-11.046,2
8.6221,-12.65,2
8.95,-10.993,2
15.357,1.7869,2
15.845,5.0778,2
5.5997,8.2513,2
3.0231,3.8449,2
13.634,9.3934,2
23.203,11.567,2
24.7,11.658,2
19.295,8.6494,2
2.0984,6.8131,2
19.935,-20.057,2
22.243,10.578,2
-5.4127,-96.821,3
15.706,-7.306,2
14.74,0.91457,2
22.341,-12.627,2
16.379,-7.8833,2
18.577,-21.415,2
9.4018,4.835,2
10.995,-6.7347,2
16.251,-7.5066,2
9.876,-11.574,2
9.307,-10.265,2
11.362,-10.307,2
16.728,7.2571,2
10.749,-10.758,2
13.277,-10.215,2
16.864,-6.43,2
21.346,2.7309,2
26.044,11.74,2
10.506,10.385,2
11.61,10.891,2
11.153,-3.2123,2
21.565,9.6196,2
16.809,0.89358,2
15.501,2.3706,2
9.7556,-11.08,2
23.893,-13.722,2
17.523,-16.128,2
20.546,-15.066,2
41.551,6.5417,2
29.834,-13.176,2
28.36,-13.845,2
51.278,-19.054,2
17.742,-9.9994,2
12.25,-2.7824,2
17.728,-8.8049,2
25.505,13.155,2
24.834,-13.839,2
18.613,-5.611,2
18.022,5.465,2
29.167,11.342,2
24.974,8.0744,2
18.801,-0.62018,2
19.141,-4.2355,2
24.201,0.43185,2
25.599,-5.8614,2
5.2743,-8.8585,2
14.338,-12.002,2
25.518,-10.191,2
20.695,-19.961,2
24.545,-9.2181,2
27.107,-9.7278,2
27.666,-12.527,2
18.636,1.0502,2
16.061,1.8078,2
15.587,-3.123,2
15.003,1.0304,2
11.509,-4.38,2
24.611,2.2507,2
19.152,5.6391,2
21.473,6.4107,2
7.0034,9.4653,2
24.051,7.3835,2
20.279,8.5069,2
38.963,10.954,2
40.306,11.343,2
23.944,6.6889,2
23.252,7.4863,2
17,4.6199,2
32.24,13.152,2
19.158,1.7897,2
38.485,12.197,2
41.152,10.469,2
31.467,12.072,2
22.112,6.9967,2
23.124,6.8575,2
13.366,-22.379,2
17.937,-15.405,2
18.131,-26.994,2
19.138,-21.875,2
23.866,11.12,2
16.791,3.7172,2
6.4893,-10.519,2
8.8042,-2.9512,2
5.5545,-9.6572,2
14.922,-22.346,2
14.598,-11.646,2
14.167,-7.6292,2
17.484,-9.0564,2
12.894,-2.8661,2
25.71,-7.8545,2
15.227,-3.0669,2
24.126,3.8088,2
28.243,1.8194,2
24.784,6.454,2
32.2,12.421,2
32.88,13.003,2
26.957,-5.6055,2
29.066,5.0234,2
41.315,-2.4521,2
50.004,-3.0492,2
25.736,-12.693,2
24.356,-4.3662,2
54.417,27.218,2
26.771,12.574,2
26.547,-13.371,2
72.549,-18.93,2
29.355,-4.9441,2
27.273,-9.1167,2
24.967,-9.3854,2
19.583,-4.729,2
14.249,-1.0483,2
50.154,-17.422,2
37.795,-9.9276,2
91.362,-12.933,2
72.325,-19.086,2
14.352,-1.0208,2
4.5583,-0.776,2
24.294,10.164,2
18.65,3.7936,2
52.261,-17.641,2
26.039,-0.21074,2
23.411,3.8633,2
24.175,4.0617,2
17.68,-8.2438,2
23.959,-1.0301,2
22.659,0.92654,2
25.061,3.7523,2
30.652,9.1444,2
16.611,-7.3914,2
11.674,-11.189,2
18.718,-22.726,2
15.755,-17.123,2
15.504,9.2617,2
21.935,-21.6,2
17.749,-26.435,2
23.362,-13.335,2
12.879,-10.319,2
24.634,9.6617,2
35.98,11.903,2
29.72,4.5305,2
28.5,-1.8264,2
38.405,-9.4517,2
26.591,-10.269,2
25.282,-5.6268,2
25.676,3.1421,2
24.614,4.4883,2
30.267,0.99341,2
13.093,-3.5477,2
26.615,-6.6602,2
30.426,-12.786,2
20.685,-18.958,2
15.035,-10.925,2
19.653,-6.0584,2
21.12,-19.862,2
20.149,-19.76,2
19.114,-21.411,2
19.407,-7.0525,2
15.818,-3.7181,2
19.764,-0.50237,2
26.717,-10.291,2
17.216,-2.0236,2
20.739,2.3785,2
27.533,-3.149,2
20.828,-0.7366,2
24.424,-12.61,2
26.998,-6.1972,2
16.05,0.1683,2
21.898,0.89011,2
29.438,1.1639,2
28.977,-0.36972,2
29.506,0.36094,2
46.731,12.208,2
79.769,-12.406,2
40.549,-5.2404,2
30.094,0.7252,2
38.933,-8.5951,2
26.579,-2.3769,2
29.576,8.4192,2
28.946,7.9331,2
27.657,-4.4905,2
27.238,1.8902,2
32.43,12.254,2
54.085,27.351,2
33.471,11.998,2
30.966,9.181,2
33.735,13.023,2
36.284,12.891,2
26.232,7.2461,2
26.869,6.1687,2
42.095,9.9649,2
31.04,-0.3886,2
54.955,24.038,2
54.006,23.262,2
30.051,11.444,2
32.823,12.427,2
31.131,-2.8628,2
26.59,-0.034007,2
31.687,-0.81445,2
40.65,-7.6076,2
30.529,0.91635,2
43.376,11.014,2
28.042,0.742,2
28.031,3.0687,2
23.951,0.0093451,2
30.945,8.8081,2
28.115,1.1299,2
22.671,-0.17605,2
27.696,-1.4241,2
23.258,-0.15823,2
22.095,0.075705,2
23.541,2.4135,2
30.228,-2.7892,2
25.912,5.1977,2
25.62,5.4121,2
27.812,-9.708,2
29.566,9.604,2
27.695,-10.819,2
20.101,-0.043578,2
27.621,-0.37515,2
27.791,-3.083,2
19.985,3.8417,2
18.295,-6.2657,2
40.66,8.8183,2
26.107,-7.4518,2
38.386,-9.2927,2
43.285,-9.8001,2
39.34,-7.7439,2
35.552,-3.9065,2
27.403,3.9154,2
25.295,-1.912,2
24.113,-7.5083,2
25.213,-3.5699,2
30.943,-3.8921,2
28.843,-2.0675,2
27.619,-0.9888,2
29.873,-2.2387,2
28.515,7.0419,2
25.395,-2.9485,2
52.858,-16.763,2
55.023,-19.63,2
55.263,-21.52,2
52.263,-18.826,2
30.26,-13.174,2
50.177,-4.6869,2
40.06,-3.0334,2
40.044,-3.3406,2
38.535,-3.5281,2
28.514,-3.3115,2
27.135,-6.1378,2
28.03,-6.2254,2
36.66,-3.7438,2
37.056,-3.9283,2
38.95,-6.4792,2
42.385,-8.4209,2
46.92,-0.61602,2
40.238,-8.3151,2
42.296,-8.9404,2
56.147,-14.647,2
74.911,-15.93,2
54.256,-19.428,2
60.333,-18.84,2
60.525,-18.783,2
65.509,3.2821,2
43.037,-9.0918,2
55.247,-4.2344,2
57.681,-12.831,2
43.967,-8.3584,2
72.85,13.154,2
67.94,3.7437,2
47.918,0.59621,2
38.726,-6.7248,2
39.434,-6.482,2
40.417,-7.6355,2
40.288,-5.3946,2
-29.736,95.182,1
52.586,15.917,2
47.702,1.0572,2
46.419,12.072,2
45.253,11.371,2
-29.311,93.46,1
-28.923,92.413,1
-31.357,94.777,1
-27.183,92.715,1
45.579,-7.0827,2
44.447,-7.7978,2
63.621,-19.707,2
60.359,-18.594,2
69.885,1.14,2
91.604,-12.025,2
63.669,-15.588,2
69.167,0.9889,2
56.347,-7.0484,2
58.095,-10.958,2
66.902,1.7671,2
61.678,6.8706,2
63.058,5.9467,2
49.562,-0.85217,2
53.22,7.0754,2
59.875,23.552,2
61.006,21.944,2
52.769,7.2998,2
55.368,10.51,2
62.731,5.7523,2
66.985,1.3765,2
78.628,19.428,2
82.81,19.684,2
55.779,-4.2573,2
70.33,-15.046,2
70.307,-16.057,2
78.901,-10.065,2
80.227,21.276,2
86.892,24.079,2
80.251,8.5059,2
75.848,16.232,2
57.045,-2.7729,2
87.897,24.426,2
88.974,24.056,2
79.327,21.429,2
58.722,-11.527,2
60.032,10.729,2
51.786,7.1022,2
49.628,5.4569,2
52.405,17.679,2
58.062,-12.565,2
47.922,-1.2321,2
50.879,1.8527,2
54.75,-4.4712,2
48.342,-2.8737,2
41.88,-5.0075,2
57.316,-10.224,2
56.14,-13.684,2
70.705,-15.792,2
56.476,-3.9416,2
52.566,-3.5343,2
49.475,-1.5124,2
86.466,-11.754,2
48.422,-0.3792,2
55.337,8.5045,2
60.696,7.8473,2
58.704,-11.731,2
47.661,-0.53466,2
56.087,9.0056,2
46.749,-0.4881,2
48.699,0.86597,2
69.867,2.7592,2
74.3,8.5287,2
53.881,5.9533,2
43.766,10.726,2
51.589,15.482,2
64.903,-3.3162,2
76.677,-8.0994,2
66.828,-0.87571,2
86.298,26.58,2
81.932,24.969,2
84.479,24.63,2
86.998,23.759,2
61.101,22.333,2
86.227,26.987,2
60.635,23.129,2
62.945,24.744,2
80.157,26.502,2
55.256,22.646,2
81.166,25.199,2
81.213,8.6368,2
68.119,21.734,2
76.024,20.408,2
66.273,18.351,2
51.12,7.8926,2
51.672,8.9993,2
53.841,15.989,2
61.748,12.702,2
67.927,2.8843,2
56.502,11.834,2
59.919,22.351,2
78.661,9.7535,2
68.833,0.51575,2
66.369,2.2734,2
60.727,5.0208,2
49.933,-0.2593,2
58.58,6.9623,2
58.128,6.9214,2
65.354,4.0908,2
46.676,0.18976,2
59.485,6.525,2
67.918,-18.982,2
63.968,-16.165,2
65.882,0.8644,2
52.194,2.5787,2
55.322,-4.626,2
65.121,-7.8003,2
52.066,-4.9932,2
50.513,4.0865,2
76.679,-7.2798,2
76.289,-3.4136,2
66.74,0.97383,2
50.118,-0.59338,2
55.949,-5.9303,2
47.812,-2.2203,2
45.958,-2.4939,2
57.427,-16.412,2
57.385,-20.515,2
55.594,-9.9164,2
48.335,-2.0107,2
55.94,-5.285,2
64.178,-16.347,2
72.067,-14.52,2
56.167,-13.139,2
-29.011,94.85,1
-26.476,94.209,1
80.707,5.722,2
70.319,-17.795,2
64.016,-15.337,2
69.411,-16.16,2
72.515,6.4665,2
64.408,-16.582,2
54.455,-12.526,2
46.257,-3.5202,2
47.134,-1.5008,2
68.019,-0.48231,2
67.709,-17.877,2
72.904,-15.994,2
61.674,-13.973,2
64.95,-3.0449,2
54.894,-14.287,2
40.252,-2.7651,2
39.921,-2.163,2
47.112,-3.3823,2
64.059,17.392,2
53.752,8.3868,2
52.898,6.4789,2
66.74,3.7874,2
51.231,16.578,2
57.166,24.546,2
54.122,13.875,2
56.609,12.043,2
62.091,5.7566,2
56.102,-12.193,2
49.66,4.8679,2
50.768,3.151,2
50.871,17.398,2
39.359,11.125,2
55.321,22.156,2
61.083,19.068,2
43.924,5.7503,2
42.633,5.6515,2
43.176,5.616,2
41.972,-2.5364,2
43.356,6.2577,2
46.549,5.5696,2
58.597,-15.475,2
67.014,-15.198,2
55.127,-16.665,2
51.622,-16.802,2
53.266,-15.58,2
63.927,-4.6642,2
78.203,-14.028,2
75.692,-3.0033,2
27.944,-25.137,2
10.862,-22.127,2
-4.2601,-88.67,3
-4.2189,-89.801,3
-4.0533,-89.461,3
-4.2893,-88.478,3
10.805,-22.166,2
11.099,-22.137,2
27.872,-25.107,2
67.341,-16.5,2
68.917,-17.602,2
70.313,-18.733,2
59.609,-15.685,2
63.169,-16.013,2
75.737,-2.7559,2
66.635,0.14611,2
66.36,-16.201,2
67.382,-17.276,2
58.41,-15.999,2
58.906,-15.869,2
65.145,-16.143,2
54.374,-19.85,2
53.104,-19.564,2
55.962,-18.299,2
68.597,-10.798,2
69.485,-9.5551,2
70.58,-20.087,2
79.006,-13.472,2
78.425,-8.211,2
75.614,-6.9069,2
71.12,-9.6685,2
69.855,-8.6604,2
73.953,-6.9303,2
76.782,-4.8646,2
76.489,-4.7411,2
77.701,-7.8426,2
75.924,-4.5942,2
73.599,5.0648,2
43.312,-10.312,2
52.087,-6.202,2
44.386,-9.8076,2
43.161,-8.0601,2
73.813,-10.673,2
75.076,-8.2149,2
69.372,-10.339,2
77.476,0.89427,2
63.701,-9.5932,2
55.241,-14.548,2
57.297,-20.315,2
74.02,-16.878,2
70.72,-19.514,2
66.869,-15.77,2
54.095,-18.872,2
55.387,-17.489,2
55.277,-20.263,2
66.728,-15.02,2
57.229,-2.7203,2
64.152,-5.412,2
54.564,-17.169,2
55.069,-17.882,2
52.587,-14.47,2
57.289,-15.358,2
64.835,-16.96,2
70.483,-16.085,2
56.824,-18.02,2
68.363,-18.241,2
57.468,-15.121,2
56.404,-17.153,2
74.488,-16.79,2
77.566,-9.289,2
73.469,-16.584,2
69.671,-18.484,2
71.685,-18.639,2
68.272,-13.343,2
56.225,-17.582,2
78.662,16.087,2
76.816,-9.4117,2
64.701,-17.456,2
57.507,-11.67,2
55.63,-5.7321,2
51.931,2.5204,2
50.822,1.9633,2
63.154,-6.0062,2
70.116,-13.735,2
56.334,-0.70475,2
57.757,-1.9074,2
59.088,0.92756,2
77.698,3.011,2
54.946,2.2272,2
50.523,-3.5618,2
44.717,-9.8299,2
49.186,-3.1983,2
52.089,-5.799,2
64.372,11.584,2
74.615,5.2413,2
52.508,-2.4979,2
50.413,14.456,2
54.025,14.144,2
63.15,22.231,2
44.186,11.877,2
52.029,5.5256,2
43.674,12.276,2
52.78,16.477,2
43.793,11.261,2
70.284,13.452,2
52.116,6.3145,2
62.003,18.256,2
49.152,3.7706,2
74.402,8.9421,2
70.56,3.6449,2
67.456,-14.006,2
77.317,-8.8077,2
80.177,10.133,2
66.761,-6.5277,2
73.071,-7.6128,2
68.31,-8.3087,2
71.248,-16.652,2
67.703,-8.2675,2
76.682,-6.8129,2
71.96,-16.295,2
53.999,-14.565,2
-81.359,-24.368,6
-81.074,-25.172,6
-80.868,-25.186,6
-80.861,-24.958,6
-81.217,-24.687,6
-30.467,96.088,1
-81.208,-25.011,6
-80.956,-25.079,6
-81.031,-24.738,6
-26.793,97.048,1
-29.542,97.245,1
-25.214,95.415,1
-30.808,97.256,1
-75.71,-16.085,6
-75.724,-16.097,6
-75.752,-16.175,6
-75.808,-16.279,6
91.352,-12.458,2
66.314,-14.475,2
76.342,-7.9511,2
56.257,-18.065,2
51.216,-4.7353,2
44.458,5.7203,2
45.044,5.5007,2
52.532,-14.817,2
50.319,-3.5834,2
52.887,-4.6643,2
57.397,1.0583,2
26.337,-27.307,2
64.503,-7.9479,2
73.953,-6.4648,2
77.844,-2.3107,2
76.422,-4.6124,2
78.03,2.8511,2
74.454,1.7025,2
64.869,-6.7714,2
73.807,-4.2028,2
82.462,-11.182,2
73.356,-16.269,2
71.219,-15.679,2
75.906,-15.995,2
76.17,-15.663,2
55.936,-19.734,2
-26.271,97.786,1
-28.142,97.636,1
-26.973,96.111,1
69.13,0.54029,2
68.567,-10.148,2
63.121,-6.3077,2
68.491,-15.969,2
76.268,-9.0316,2
70.734,-10.58,2
68.493,-17.233,2
72.76,-11.523,2
78.719,-5.9755,2
73.068,-4.6043,2
61.507,-0.10634,2
69.056,-8.9449,2
59.002,1.6022,2
57.679,-0.192,2
62.721,-3.8774,2
75.609,2.5043,2
59.721,1.7545,2
58.831,0.65802,2
82.398,-11.852,2
76.058,1.9011,2
77.673,17.043,2
78.268,15.957,2
68.98,-9.372,2
59.008,0.018778,2
64.933,-7.6432,2
58.368,0.28244,2
57.426,-0.2743,2
73.997,5.3103,2
76.601,-8.6842,2
77.657,2.9557,2
71.912,-5.8779,2
73.914,-8.947,2
65.884,-6.8741,2
74.171,-7.9672,2
63.193,-7.2584,2
67.09,1.314,2
57.673,-22.058,2
73.89,2.3062,2
58.449,0.97266,2
73.346,2.6144,2
70.018,-20.265,2
73.656,5.7789,2
79.132,19.946,2
80.827,8.9162,2
71.35,13.72,2
75.202,3.8787,2
67.316,18.336,2
65.158,17.564,2
50.908,5.1564,2
63.733,-5.2711,2
66.487,-7.259,2
56.755,-0.25141,2
63.99,-6.1743,2
64.41,-14.28,2
45.206,4.9807,2
56.726,-4.8419,2
71.737,17.637,2
53.864,4.6618,2
54.21,4.2401,2
75.771,-15.513,2
40.434,-2.387,2
43.464,6.3677,2
61.621,19.372,2
60.481,11.53,2
66.659,18.081,2
80.284,-11.787,2
51.49,5.936,2
50.653,16.459,2
51.264,17.199,2
57.137,21.647,2
71.45,18.247,2
76.766,3.9505,2
74.429,4.2739,2
52.94,21.814,2
56.761,1.637,2
90.84,-11.536,2
56.18,23.565,2
78.662,22.762,2
63.168,18.703,2
73.824,-12.086,2
88.6,-12.52,2
59.977,-0.64583,2
71.118,-6.6687,2
71.278,-6.5804,2
76.623,2.4874,2
43.021,4.6447,2
72.022,-6.6419,2
57.044,1.0604,2
53.642,5.7684,2
60.83,16.672,2
62.46,17.375,2
78.732,7.4595,2
62.836,19.648,2
76.757,17.637,2
53.329,4.5907,2
53.789,17.17,2
52.239,15.353,2
60.823,22.353,2
69.005,15.957,2
61.534,17.071,2
52.463,5.6352,2
40.514,8.7308,2
50.816,5.613,2
43.506,10.992,2
58.384,22.167,2
80.367,-9.2901,2
64.506,11.395,2
56.479,22.332,2
25.709,13.221,2
36.925,-3.7033,2
-29.577,94.489,1
-27.777,93.376,1
-27.805,98.506,1
-25.697,97.118,1
72.43,23.06,2
68.559,15.589,2
57.03,10.404,2
68.585,18.299,2
64.233,9.8976,2
79.266,25.186,2
59.511,11.602,2
60.063,21.149,2
56.894,15.356,2
76.513,-10.346,2
60.911,7.4445,2
72.068,14.128,2
69.714,20.981,2
70.004,13.393,2
59.416,8.7196,2
61.813,8.5151,2
68.69,2.8502,2
59.139,12.115,2
66.379,16.435,2
68.707,12.992,2
62.439,7.5686,2
58.589,20.758,2
52.145,20.069,2
52.466,14.033,2
64.255,9.1828,2
83.241,24.76,2
76.612,21.009,2
72.208,21.227,2
82.966,25.854,2
83.546,25.556,2
82.428,25.44,2
88.099,26.058,2
79.402,20.303,2
68.169,15.944,2
71.91,20.184,2
77.442,21.433,2
78.818,7.0812,2
68.139,17.174,2
70.546,16.435,2
83.699,-10.206,2
86.413,18.386,2
71.359,21.286,2
77.554,21.378,2
72.437,22.076,2
71.49,19.738,2
59.093,11.34,2
73.409,11.281,2
73.261,21.401,2
73.795,11.91,2
71.057,14.47,2
58.684,21.279,2
55.768,20.455,2
59.23,22.925,2
59.574,23.014,2
66.978,16.126,2
77.236,8.5608,2
57.281,13.417,2
60.236,9.6754,2
66.606,20.322,2
80.249,-9.5403,2
74.743,22.34,2
70.031,22.465,2
57.275,15.521,2
88.007,-11.752,2
87.891,-11.338,2
84.196,-9.2779,2
73.662,22.326,2
73.736,13.161,2
70.377,0.6318,2
69.506,3.6492,2
70.74,12.092,2
60.984,9.3385,2
66.087,17.229,2
60.525,15.973,2
59.626,12.398,2
70.208,20.099,2
66.057,19.05,2
64.054,23.244,2
54.399,24.254,2
88.097,19.553,2
83.528,-9.5056,2
77.382,20.157,2
76.915,20.53,2
79.544,10.731,2
76.289,8.8303,2
60.354,12.084,2
83.91,17.763,2
78.619,-4.7428,2
58.76,7.9612,2
68.657,12.483,2
62.571,-14.655,2
78.002,7.8958,2
62.972,6.5974,2
60.392,8.2663,2
60.768,8.3871,2
59.681,7.0387,2
58.062,8.3787,2
52.627,4.9799,2
61.387,8.6402,2
59.288,10.246,2
66.778,2.6859,2
60.615,12.916,2
57.932,11.169,2
69.362,12.136,2
68.419,3.1397,2
57.144,-13.772,2
75.919,9.2113,2
77.154,8.9448,2
64.942,2.4967,2
60.103,6.3253,2
65.831,3.0108,2
78.936,20.545,2
88.649,19.795,2
81.303,23.131,2
53.546,-5.431,2
57.132,-14.688,2
58.527,9.5364,2
80.251,5.1539,2
69.013,1.7997,2
69.988,12.371,2
74.12,9.2031,2
70.307,11.561,2
80.519,-9.2315,2
87.722,-12.268,2
78.304,-10.569,2
57.627,-21.901,2
55.954,-10.253,2
59.499,20.985,2
80.806,26.329,2
58.581,22.143,2
74.075,22.401,2
69.339,15.22,2
68.977,18.177,2
60.721,15.574,2
69.417,15.88,2
84.54,17.965,2
56.134,14.204,2
65.354,16.492,2
81.997,9.3478,2
85.884,26.176,2
89.576,23.78,2
81.805,15.964,2
86.697,20.111,2
79.083,18.868,2
91.392,21.587,2
91.976,21.447,2
89.409,18.291,2
84.355,21.861,2
80.202,22.857,2
60.311,13.379,2
83.787,25.017,2
71.095,20.877,2
89.585,19.132,2
86.751,16.992,2
67.961,2.1841,2
88.274,18.501,2
91.258,20.644,2
91.819,21.161,2
91.404,21.389,2
70.98,15.44,2
54.704,14.163,2
63.559,-17.394,2
70.357,1.2844,2
69.391,12.651,2
72.528,13.722,2
77.437,-13.961,2
88.151,-12.038,2
90.26,17.625,2
86.97,17.016,2
84.573,14.872,2
86.906,16.126,2
91.728,-10.571,2
75.001,5.2315,2
90.13,20.985,2
90.006,20.315,2
86.856,19.6,2
81.825,22.514,2
78.449,16.774,2
79.565,16.719,2
62.206,18.598,2
52.186,0.73009,2
63.012,19.375,2
87.215,26.659,2
81.929,22.318,2
64.787,20.638,2
52.46,20.81,2
56.994,2.1029,2
57.514,24.627,2
52.628,18.812,2
53.541,21.377,2
76.057,2.762,2
64.548,-5.7033,2
92.962,-12.597,2
91.999,-11.355,2
55.272,23.147,2
55.734,24.173,2
76.158,0.94102,2
74.585,0.66284,2
58.985,2.2619,2
69.954,-9.2648,2
77.231,2.3258,2
78.591,20.604,2
83.759,19.79,2
88.428,-9.0793,2
83.733,14.689,2
88.361,-8.8433,2
90.815,18.739,2
64.167,22.02,2
69.126,16.614,2
91.466,-10.077,2
79.471,24.911,2
56.147,24.258,2
89.435,21.253,2
89.099,20.358,2
89.151,20.4,2
79.475,23.948,2
84.456,20.898,2
79.102,17.863,2
79.364,22.314,2
87.306,16.752,2
87.455,18.4,2
88.147,17.15,2
87.76,17.151,2
82.022,11.337,2
82.773,-10.331,2
85.661,16.729,2
79.046,-5.1131,2
82.111,-9.8059,2
79.266,-6.601,2
81.753,-9.226,2
82.004,-10.706,2
78.995,-6.3301,2
83.678,14.713,2
73.815,-3.4704,2
80.573,10.652,2
92.207,-10.319,2
89.662,19.243,2
89.678,24.42,2
91.369,23.24,2
87.754,20.032,2
90.371,-8.6683,2
80.325,23.756,2
89.322,23.104,2
88.742,-8.372,2
78.004,20.91,2
81.858,10.92,2
83.899,21.646,2
79.361,22.911,2
77.498,23.004,2
84.246,23.429,2
89.386,18.83,2
83.868,24.133,2
76.8,16.601,2
81.233,10.035,2
81.885,10.842,2
76.278,17.27,2
64.894,22.263,2
81.934,9.444,2
87.147,20.317,2
79.661,-11.5,2
63.789,-14.261,2
71.367,16.486,2
56.309,1.2054,2
56.691,1.695,2
74.593,16.149,2
73.57,-3.39,2
77.033,3.8845,2
58.976,-0.75184,2
64.571,11.492,2
63.023,17.953,2
80.783,-10.653,2
73.445,13.474,2
79.599,9.9808,2
80.517,9.9883,2
77.569,23.317,2
57.83,22.781,2
64.607,22.689,2
57.859,24.177,2
79.732,19.841,2
64.263,20.196,2
52.495,20.783,2
67.247,22.061,2
63.208,24.055,2
64.003,20.926,2
92.105,-10.52,2
76.189,20.105,2
90.202,-8.6198,2
52.614,22.822,2
42.636,55.221,7
82.11,21.681,2
45.431,55.129,7
45.275,55.008,7
45.369,55.141,7
-75.81,-15.802,6
21.79,60.52,7
44.07,55.758,7
45.056,57.007,7
26.245,62.276,7
21.563,89.681,7
33.995,61.272,7
23.537,59.519,7
26.92,60.576,7
16.656,59.625,7
19.408,58.692,7
40.503,58.005,7
26.709,62.269,7
24.199,60.972,7
39.767,62.37,7
32.268,60.465,7
31.893,60.36,7
32.772,60.213,7
23.088,60.959,7
27.982,60.89,7
38.515,62.859,7
42.462,61.955,7
34.588,63.12,7
25.575,64.524,7
34.018,63.318,7
19.272,63.923,7
16.458,60.516,7
22.506,61.965,7
38.773,62.477,7
36.933,62.271,7
36.118,61.691,7
35.801,62.172,7
44.514,61.173,7
21.988,62.187,7
25.059,68.731,7
23.96,67.138,7
13.169,63.527,7
10.861,64.87,7
11.654,64.229,7
33.813,63.656,7
18.369,64.582,7
24.133,69.188,7
38.915,61.995,7
22.471,89.849,7
22.159,89.68,7
25.632,68.108,7
16.172,73.795,7
17.156,71.056,7
38.057,61.38,7
21.975,67.784,7
15.921,74.858,7
16.245,83.687,7
23.841,75.615,7
24.258,76.188,7
-26.325,96.443,1
-26.383,93.09,1
40.123,63.143,7
45.461,59.681,7
37.482,61.923,7
46.296,60.632,7
89.284,29.617,2
88.517,30.07,2
37.639,63.233,7
39.722,62.719,7
36.698,62.813,7
21.596,68.78,7
24.107,68.466,7
44.517,58.515,7
44.863,60.044,7
88.661,29.732,2
43.483,57.818,7
90.704,26.631,2
91.832,-9.289,2
89.014,-8.0413,2
89.144,25.49,2
89.035,26.663,2
89.737,26.777,2
90.114,27.883,2
88.429,28.983,2
88.717,29.667,2
47.272,55.348,7
47.776,55.356,7
49.052,54.397,7
88.701,29.858,2
46.826,55.778,7
48.397,55.083,7
40.998,56.892,7
40.621,56.577,7
37.326,58.576,7
46.284,58.907,7
46.153,58.781,7
43.404,59.258,7
39.355,57.694,7
34.027,58.708,7
33.158,58.287,7
36.381,60.416,7
43.413,57.144,7
41.733,57.15,7
90.004,-3.2525,2
90.061,-3.3235,2
43.819,57.785,7
90.136,22.825,2
39.975,57.948,7
40.111,58.276,7
92.468,-9.4734,2
47.526,56.912,7
45.676,56.985,7
42.898,57.681,7
39.105,58.71,7
38.874,58.644,7
26.501,58.419,7
25.133,57.598,7
21.547,58.455,7
17.891,57.529,7
16.897,57.519,7
32.232,59.832,7
32.505,59.412,7
42.123,61.435,7
39.047,58.175,7
34.801,60.281,7
19.835,57.85,7
33.253,60.919,7
34.827,58.334,7
14.331,57.214,7
25.61,59.103,7
13.202,57.187,7
21.893,58.949,7
-2.8132,56.259,7
22.839,60.297,7
27.926,60.499,7
20.424,58.134,7
13.783,56.704,7
20.958,57.816,7
33.635,59.718,7
21.613,59.298,7
34.97,59.403,7
43.839,58.543,7
26.549,57.817,7
41.58,56.356,7
43.685,60.595,7
46.343,62.668,7
43.278,60.232,7
36.461,61.195,7
46.955,57.766,7
91.224,28.234,2
90.937,26.525,2
88.762,27.131,2
38.391,61.275,7
38.82,61.914,7
22.754,58.558,7
22.106,59.32,7
34.148,59.868,7
32.607,58.262,7
28.077,59.172,7
24.697,59.482,7
26.783,60.254,7
40.887,62.357,7
18.319,58.787,7
25.83,58.473,7
41.876,57.344,7
19.888,58.143,7
26.043,57.495,7
24.583,57.579,7
25.623,57.839,7
36.758,59.64,7
43.527,56.258,7
26.091,58.284,7
31.45,58.953,7
32.63,59.873,7
36.055,58.879,7
42.979,56.456,7
88.336,27.922,2
85.797,20.607,2
41.248,62.55,7
88.144,30.55,2
26.096,60.856,7
24.87,58.44,7
12.957,57.786,7
4.6546,56.867,7
39.735,58.87,7
8.0973,57.375,7
4.5153,57.365,7
25.768,61.555,7
41.709,63.121,7
8.9304,58.625,7
2.5281,56.867,7
8.9196,58.077,7
11.204,58.473,7
11.073,58.001,7
21.236,86.18,7
17.356,60.044,7
16.174,59.739,7
16.337,58.552,7
11.523,58.274,7
9.3331,57.558,7
10.439,58.727,7
21.803,61.212,7
14.975,60.454,7
19.423,61.03,7
10.001,58.512,7
16.482,61.869,7
11.631,63.783,7
3.4539,58.598,7
-0.38666,57.267,7
10.561,59.589,7
12.409,59.372,7
11.517,59.981,7
11.812,62.56,7
10.474,59.621,7
17.917,89.642,7
13.251,82.001,7
0.73337,57.976,7
-0.68398,58.119,7
-1.2486,57.526,7
-1.7892,57.465,7
2.089,56.334,7
12.604,60.496,7
10.586,58.216,7
0.85879,56.903,7
13.798,83.084,7
13.521,62.924,7
11.342,63.764,7
23.307,68.08,7
45.827,60.393,7
22.577,69.27,7
21.516,68.145,7
22.532,68.067,7
13.256,81.203,7
19.869,66.715,7
18.838,78.887,7
21.412,89.466,7
19.872,86.342,7
19.906,80.039,7
22.111,89.727,7
24.546,62.332,7
36.057,63.765,7
19.567,67.342,7
25.576,78.944,7
26.273,82.882,7
40.389,63.623,7
5.9767,61.018,7
14.131,83.24,7
2.0356,59.069,7
16.008,63.626,7
17.897,64.323,7
13.813,65.016,7
26.205,68.13,7
17.204,63.432,7
15.538,63.463,7
13.904,82.756,7
19.355,79.599,7
92.866,-4.375,2
13.666,81.851,7
6.9024,65.221,7
8.255,64.571,7
6.6241,61.52,7
21.343,69.323,7
43.096,62.831,7
23.225,67.541,7
11.86,65.446,7
17.321,74.215,7
18.539,70.542,7
13.594,66.798,7
10.607,63.066,7
17.895,65.567,7
21.227,76.309,7
6.8372,67.944,7
13.063,70.655,7
15.156,71.343,7
11.591,61.564,7
12.732,61.876,7
13.277,61.648,7
13.985,61.176,7
11.373,63.156,7
14.28,62.757,7
11.015,61.034,7
17.081,88.421,7
-78.756,-11.583,6
-78.851,-11.583,6
18.289,90.055,7
18.511,80.45,7
15.108,63.114,7
4.017,58.281,7
22.744,66.47,7
14.145,78.922,7
21.137,64.339,7
21.59,86.425,7
24.163,69.716,7
22.572,82.45,7
92.016,-4.4326,2
17.343,69.019,7
9.7126,65.179,7
14.967,82.05,7
20.781,79.647,7
4.1015,59.066,7
3.6571,58.136,7
0.016128,59.479,7
4.894,62.709,7
6.3539,63.225,7
16.842,88.355,7
14.432,82.477,7
26.353,77.13,7
13.682,79.218,7
22.733,79.482,7
93.526,-5.3258,2
93.805,-4.6114,2
93.191,-3.9995,2
94.624,-3.5508,2
45.652,64.74,7
24.454,83.626,7
25.273,77.184,7
5.1303,62.278,7
10.96,70.393,7
94.752,-3.4345,2
95.137,-3.3856,2
20.494,74.972,7
24.704,77.086,7
92.047,-8.0124,2
91.558,25.174,2
30.059,73.184,7
40.278,64.375,7
92.517,-4.1065,2
15.708,82.277,7
25.685,72.981,7
25.709,69.146,7
14.592,66.022,7
12.989,66.218,7
25.483,72.602,7
26.036,72.47,7
17.948,68.588,7
24.083,78.198,7
18.221,72.372,7
20.266,70.66,7
18.203,68.4,7
16.814,69.287,7
45.138,63.292,7
6.9975,63.04,7
11.926,80.474,7
14.058,79.421,7
20.614,74.126,7
16.62,80.92,7
18.343,89.282,7
18.275,75.418,7
25.702,71.182,7
15.943,64.902,7
16.396,67.386,7
16.474,67.184,7
15.995,66.756,7
-0.14548,60.146,7
8.6793,63.686,7
11.337,69.272,7
18.79,86.906,7
14.583,79.566,7
13.557,67.106,7
25.458,74.774,7
12.478,73.025,7
25.768,78.584,7
23.869,81.054,7
1.9579,62.568,7
0.41952,61.208,7
12.535,70.129,7
3.0204,64.412,7
4.1836,66.007,7
0.68014,62.134,7
-0.15369,62.129,7
0.042305,62.231,7
0.99619,62.679,7
11.637,72.647,7
0.73021,62.883,7
1.3435,63.267,7
1.8524,63.603,7
12.206,72.224,7
13.504,71.808,7
5.837,65.92,7
7.5172,70.191,7
11.445,71.254,7
3.9743,64.345,7
18.865,70.545,7
14.831,70.791,7
17.746,75.351,7
15.178,71.779,7
15.045,71.227,7
4.033,64.248,7
2.3129,63.656,7
10.739,69.307,7
17.065,71.784,7
15.864,71.815,7
20.538,75.939,7
18.639,70.895,7
4.3517,65.001,7
24.158,77.658,7
14.112,78.141,7
2.8902,63.689,7
0.091893,61.63,7
2.0999,63.026,7
7.7756,67.95,7
9.4323,69.044,7
6.1018,65.808,7
4.868,65.47,7
20.189,78.239,7
26.019,74.316,7
24.401,72.956,7
27.006,75.639,7
20.054,73.86,7
45.559,61.185,7
22.763,66.439,7
26.068,70.055,7
7.6928,61.957,7
13.607,70.898,7
28.948,74.201,7
13.642,62.061,7
8.7028,63.707,7
22.364,79.942,7
6.9706,63.27,7
16.059,72.072,7
38.038,64.465,7
28.55,75.47,7
39.053,66.11,7
7.8377,59.744,7
22.226,83.416,7
30.062,75.093,7
23.888,79.812,7
25.978,77.534,7
27.595,75.589,7
22.481,65.453,7
30.639,73.067,7
28.188,76.564,7
25.617,71.694,7
20.535,88.257,7
25.31,73.159,7
30.59,73.2,7
26.453,73.099,7
25.867,73.788,7
25.746,70.585,7
22.669,65.757,7
26.281,76.416,7
19.225,70.441,7
25.974,75.692,7
27.761,77.179,7
19.939,74.79,7
28.348,75.739,7
26.072,75.355,7
27.304,77.11,7
45.647,64.92,7
46.826,63.691,7
46.346,63.045,7
24.822,72.191,7
29.127,74.228,7
17.189,72.275,7
21.325,82.951,7
24.697,76.639,7
5.5552,67.106,7
38.931,-57.056,4
16.984,74.099,7
17.262,73.297,7
21.397,75.36,7
18.521,75.977,7
10.405,69.273,7
38.716,-57.405,4
17.291,89.378,7
14.808,87.044,7
17.845,85.939,7
21.886,82.999,7
18.85,85.548,7
20.585,76.348,7
8.8809,68.749,7
17.502,90.562,7
18.095,76.727,7
21.817,83.607,7
17.135,82.137,7
-78.434,-11.993,6
16.264,84.329,7
17.371,75.985,7
17.788,76.792,7
9.739,69.774,7
9.2574,66.239,7
9.9795,66.132,7
14.826,80.737,7
20.657,82.249,7
17.619,76.22,7
21.944,82.384,7
21.957,86.638,7
18.775,85.023,7
18.11,82.59,7
11.838,73.776,7
19.487,84.74,7
17.618,84.769,7
7.6809,69.519,7
14.909,81.31,7
18.699,90.201,7
23.354,82.456,7
18.932,90.333,7
18.663,85.682,7
21.222,73.776,7
22.776,79.813,7
39.977,64.507,7
44.355,64.034,7
23.374,83.649,7
16.052,76.493,7
5.0963,67.359,7
5.1818,67.853,7
5.9652,68.521,7
6.5299,68.83,7
16.969,86.412,7
16.801,84.851,7
16.783,83.17,7
6.7261,69.601,7
6.6191,67.298,7
14.698,87.062,7
36.705,-66.157,4
35.072,-57.011,4
-0.7262,56.107,7
0.019964,58.286,7
1.3469,58.512,7
0.27743,57.521,7
-0.90412,56.62,7
-1.0027,56.169,7
-0.64626,56.557,7
2.7215,58.193,7
0.69004,57.043,7
-2.001,55.993,7
-1.6995,56.526,7
-2.1718,55.756,7
-0.7638,55.457,7
34.4,-63.072,4
34.87,-62.612,4
35.064,-56.985,4
26.004,16.585,2
29.298,-65.007,4
33.89,-65.579,4
41.579,-67.279,4
36.341,-71.506,4
33.254,-70.841,4
34.206,-70.275,4
19.826,-74.377,4
32.448,-70.135,4
38.226,-68.998,4
38.744,-66.921,4
38.908,-66.841,4
24.247,-72.647,4
37.216,-68.986,4
38.641,-67.317,4
34.616,-69.819,4
32.743,-70.128,4
33.104,-69.936,4
36.821,-68.036,4
34.021,-70.477,4
35.69,-69.476,4
35.252,-69.824,4
37.187,-69.433,4
36.006,-69.57,4
37.557,-69.343,4
38.942,-67.763,4
40.948,-67.08,4
39.147,-59.382,4
36.243,-60.987,4
13.407,-68.457,4
17.818,-68.961,4
17.856,-69.28,4
11.115,-69.738,4
19.426,-67.65,4
39.54,-63.438,4
40.659,-64.444,4
38.007,-63.982,4
40.29,-61.594,4
38.084,-60.355,4
39.913,-66.525,4
42.077,-68.18,4
41.446,-64.744,4
0.038391,55.93,7
36.263,-57.624,4
35.73,-57.548,4
37.449,-60.789,4
40.996,-62.915,4
39.763,-60.964,4
40.983,-60.76,4
42.271,-64.752,4
39.026,-61.042,4
40.564,-59.9,4
39.826,-60.061,4
39.472,-60.378,4
39.065,-61.147,4
39.453,-58.935,4
36.551,-62.543,4
34.216,-63.855,4
35.027,-65.322,4
41.577,-64.181,4
42.601,-66.301,4
40.993,-61.117,4
37.431,-65.1,4
9.9152,-68.577,4
16.241,-65.609,4
41.305,-60.469,4
41.666,-60.137,4
39.761,-63.731,4
40.474,-64.465,4
34.201,-64.604,4
35.998,-65.613,4
39.718,-73.884,4
40.701,-65.271,4
40.215,-66.06,4
39.482,-65.394,4
41.135,-65.978,4
38.281,-62.876,4
41.038,-65.343,4
25.66,-69.376,4
11.429,-69.174,4
9.4862,-68.984,4
10.427,-69.21,4
12.662,-66.122,4
11.243,-66.655,4
11.674,-69.011,4
12.787,-69.449,4
13.17,-69.564,4
12.23,-67.335,4
11.777,-67.301,4
14.755,-67.837,4
19.486,-68.965,4
20.767,-67.056,4
19.192,-68.175,4
15.879,-67.355,4
13.916,-67.514,4
14.047,-65.907,4
14.574,-67.097,4
12.628,-68.144,4
15.328,-68.683,4
14.193,-68.356,4
11.104,-67.17,4
12.912,-66.966,4
11.358,-67.956,4
13.59,-67.852,4
-78.487,-12.544,6
13.173,-65.153,4
15.409,-66.224,4
19.743,-69.781,4
21.558,-70.309,4
22.849,-70.651,4
20.356,-71.146,4
20.737,-72.816,4
21.901,-71.167,4
26.692,-71.664,4
25.585,-67.279,4
26.469,-70.251,4
25.977,-68.076,4
19.238,-68.985,4
19.989,-73.342,4
19.525,-73.976,4
22.134,-68.295,4
14.6,-63.648,4
16.661,-66.735,4
27.094,-71.021,4
26.615,-72.198,4
25.667,-71.572,4
26.667,-70.492,4
20.802,-68.557,4
8.9557,-68.958,4
18.432,-66.21,4
26.654,-68.896,4
21.477,-70.907,4
17.889,-66.043,4
17.431,-66.216,4
18.435,-66.981,4
18.866,-70.101,4
14.392,-66.823,4
40.596,-85.727,4
40.375,-85.658,4
40.763,-86.28,4
40.503,-85.861,4
38.684,-83.289,4
34.94,-81.483,4
26.636,-66.938,4
39.477,-76.756,4
43.453,-79.534,4
43.168,-79.742,4
43.355,-79.599,4
36.907,-83.281,4
38.312,-83.734,4
41.724,-81.038,4
42.85,-79.99,4
41.67,-74.947,4
23.832,-69.821,4
22.674,-64.654,4
31.16,-65.482,4
24.844,-65.389,4
26.37,-63.896,4
27.906,-63.676,4
27.435,-62.55,4
13.287,-66.015,4
10.586,-64.748,4
19.212,-72.998,4
18.851,-73.833,4
21.003,-71.344,4
27.429,-63.938,4
27.802,-63.635,4
24.546,-66.153,4
20.226,-67.909,4
34.105,-82.069,4
34.143,-82.425,4
34.841,-83.251,4
33.488,-82.324,4
37.765,-81.398,4
38.921,-81.126,4
37.167,-80.577,4
39.435,-82.3,4
37.488,-80.865,4
38.667,-81.666,4
37.709,-82.346,4
35.238,-82.564,4
34.804,-82.108,4
35.06,-82.163,4
34.543,-83.753,4
15.172,-71.414,4
20.801,-63.568,4
22.126,-63.684,4
37.547,-79.909,4
36.441,-81.232,4
28.339,-67.535,4
20.572,-63.285,4
21.337,-63.268,4
12.276,-68.357,4
10.296,-67.416,4
20.817,-63.766,4
38.602,-80.915,4
34.883,-83.502,4
40.413,-83.551,4
40.505,-83.861,4
37.707,-81.908,4
36.479,-81.705,4
38.251,-84.405,4
39.262,-84.181,4
39.547,-83.884,4
39.588,-84.295,4
38.96,-84.278,4
36.284,-82.706,4
40.105,-84.889,4
28.245,-66.689,4
18.941,-65.796,4
28.822,-63.55,4
31.928,-61.744,4
32.529,-62.704,4
39.8,-73.439,4
39.478,-72.163,4
39.301,-75.983,4
39.998,-74.274,4
38.01,-73.789,4
38.87,-74.564,4
40.334,-75.12,4
40.614,-75.679,4
34.754,-63.712,4
18.037,89.148,7
27.129,-66.22,4
40.098,-76.928,4
40.874,-76.235,4
41.302,-75.461,4
36.168,-72.645,4
39.149,-74.349,4
38.106,-73.767,4
31.818,-65.101,4
18.517,86.492,7
32.719,-65.539,4
31.081,-65.832,4
16.872,-74.063,4
17.449,-74.026,4
16.468,-74.131,4
16.988,-73.95,4
36.377,-73.539,4
38.332,-73.344,4
32.079,-71.429,4
30.246,-71.344,4
28.481,-71.323,4
28.65,-70.379,4
35.595,-62.973,4
21.148,-64.287,4
18.162,-69.539,4
23.414,-66.713,4
20.719,-71.976,4
25.935,-63.687,4
20.187,-70.278,4
26.635,-71.461,4
36.648,-70.68,4
28.965,-71.23,4
20.825,-69.803,4
23.984,-68.466,4
22.578,-69.146,4
23.9,-67.789,4
16.367,-69.163,4
24.766,-68.208,4
16.483,-67.343,4
27.377,-65.653,4
35.017,-60.707,4
13.742,-69.28,4
10.572,-66.916,4
25.402,-64.019,4
21.444,-64.47,4
17.158,-69.946,4
15.067,-65.55,4
29.797,-63.899,4
30.161,-64.527,4
24.983,-70.09,4
38.914,-70.92,4
27.51,-70.4,4
39.486,-75.589,4
38.57,-57.713,4
38.592,-61.874,4
17.998,-67.359,4
23.583,-68.611,4
36.162,-71.951,4
40.208,-72.013,4
39.462,-71.959,4
40.934,-70.384,4
41.783,-68.899,4
41.008,-66.522,4
30.275,-66.447,4
40.682,-71.226,4
41.695,-70.147,4
41.532,-69.473,4
29.284,-70.804,4
39.674,-71.925,4
40.393,-72.179,4
39.887,-72.732,4
12.517,-70.113,4
31.196,-61.86,4
24.675,-67.905,4
26.988,-70.035,4
35.347,-59.813,4
-78.051,-14.608,6
-79.65,-11.194,6
29.661,-66.986,4
29.96,-65.195,4
-84.291,5.2557,6
31.887,-62.43,4
30.707,-62.449,4
26.742,-63.145,4
35.3,-61.267,4
37.813,-79.39,4
-84.115,5.0945,6
-85.479,0.63478,6
-86.608,-1.4035,6
-89.558,1.7193,6
-87.855,-3.1983,6
-80.664,-13.683,6
-86.683,-5.0012,6
27.64,63.941,7
-88.462,3.9962,6
-89.431,3.2714,6
-89.932,2.4605,6
-83.807,-0.69383,6
-88.807,0.11516,6
-89.576,1.2521,6
-90.368,2.9396,6
-88.767,3.1928,6
-89.924,3.1396,6
-90.049,3.5528,6
-88.826,2.6954,6
-88.232,1.8781,6
-84.037,0.12066,6
-86.248,1.463,6
-85.043,0.16916,6
-83.61,-0.19825,6
-84.049,-0.37098,6
-83.688,-3.2608,6
-86.041,-2.7064,6
-87.857,-2.2784,6
-87.72,-0.28027,6
25.497,-33.19,2
-86.754,-3.5386,6
-86.355,-4.6375,6
-85.761,-4.5736,6
-86.003,-3.3816,6
-83.298,-3.2813,6
-86.192,-3.7742,6
-85.14,-0.3979,6
-87.23,-3.3235,6
-86.984,-1.3244,6
-85.781,-5.3312,6
-86.771,-2.5956,6
-87.908,-3.7606,6
-90.006,-0.056872,6
-89.328,2.459,6
-88.228,0.79394,6
-88.113,-1.0432,6
-87.745,-2.2743,6
-87.151,1.6108,6
-89.278,-1.6607,6
-87.097,-4.4394,6
-88.36,-1.3771,6
-88.566,-2.4787,6
-87.589,-4.5473,6
-89.119,1.2814,6
-88.578,2.3131,6
-90.301,1.8791,6
-87.974,-0.1469,6
-87.477,-0.62911,6
-87.337,-1.9423,6
-79.843,-14.513,6
-79.755,-14.57,6
-79.439,-15.012,6
-78.99,-15.561,6
-78.604,-16.007,6
-78.591,-16.543,6
-78.667,-15.986,6
-78.724,-16.285,6
-78.188,-17.779,6
-79.357,-15.28,6
-78.912,9.549,6
-79.026,9.9369,6
-78.82,9.9462,6
-79.168,10.163,6
-83.398,12.464,6
-81.731,12.112,6
-84.524,10.448,6
-82.471,11.422,6
-82.244,10.987,6
-90.32,11.63,6
-90.255,11.629,6
-84.063,10.351,6
-82.317,10.045,6
-81.949,10.316,6
-84.715,-4.6539,6
-84.36,-4.7559,6
-82.824,10.084,6
-83.781,10.381,6
-83.847,10.974,6
-83.685,9.8273,6
-81.561,10.308,6
-90.453,17.404,6
-88.09,11.594,6
-87.777,11.712,6
-87.061,12.697,6
-85.828,12.002,6
-87.62,12.609,6
-87.188,12.498,6
-87.86,13.537,6
-85.744,12.727,6
-85.33,11.58,6
-85.349,11.444,6
-86.972,8.2618,6
-87.442,8.1503,6
-85.951,9.2353,6
-89.046,7.2406,6
-87.736,6.9151,6
-88.884,7.621,6
-88.616,7.2953,6
-89.053,6.2683,6
-89.549,4.7182,6
-88.914,5.1806,6
-88.493,4.7149,6
-88.563,9.6663,6
-88.62,10.104,6
-88.577,14.091,6
-94.315,20.186,6
-87.302,13.116,6
-94.406,20.224,6
-97.875,20.677,6
-98.446,20.473,6
-97.86,20.541,6
-98.071,21.72,6
-100.42,22.458,6
-100.52,22.475,6
-100.18,22.162,6
-101.52,22.511,6
-101.63,22.525,6
-101.97,22.618,6
-100.98,22.769,6
34.318,-59.389,4
-100.15,22.52,6
-97.259,22.445,6
-90.758,20.511,6
-64.003,18.931,6
-91.872,18.891,6
-92.11,21.609,6
-92.884,19.918,6
12.145,-71.196,4
8.5664,-69.402,4
-94.867,22.735,6
-97.057,23.165,6
-97.774,21.426,6
-91.571,18.152,6
-93.221,20.762,6
-95.948,22.671,6
-97.244,23.334,6
-95.457,22.987,6
-94.533,22.457,6
-89.266,21.888,6
-92.681,21.31,6
-93.935,16.688,6
-90.799,12.269,6
-90.02,12.318,6
-93.971,16.746,6
-97.068,19.933,6
-93.524,18.772,6
-91.714,20.732,6
-90.795,21.248,6
-90.818,19.197,6
-90.438,19.912,6
-91.129,19.185,6
-93.809,21.234,6
-92.764,19.476,6
-90.105,21.08,6
-64.507,18.661,6
-88.106,23.65,6
-88.205,23.695,6
-90.193,21.259,6
-90.985,22.196,6
-90.479,21.966,6
-90.431,22.629,6
-88.993,22.83,6
-89.674,23.468,6
-90.891,24.248,6
-90.233,23.726,6
-64.255,16.082,6
-65.04,17.178,6
-64.067,16.345,6
-62.019,13.344,6
-92.094,22.838,6
-62.742,16.224,6
-63.054,17.481,6
-62.692,17.064,6
-62.716,18.154,6
-62.853,19.148,6
-62.581,18.178,6
-64.236,17.942,6
-78.729,22.325,6
-72.986,23.012,6
-78.049,22.326,6
-79.614,22.858,6
-77.33,22.102,6
-77.569,22.275,6
-78.149,22.938,6
-94.119,24.38,6
-93.529,24.288,6
-80.423,24.252,6
-95.496,21.587,6
-82.32,22.02,6
-82.162,22.261,6
-94.357,23.293,6
-94.807,24.177,6
-96.42,21.158,6
-96.388,20.715,6
-95.791,21.436,6
-92.997,22.454,6
-89.304,20.992,6
-57.107,15.394,6
-63.181,15.6,6
-64.099,17.365,6
-93.456,22.621,6
-95.877,20.799,6
-94.038,23.679,6
-73.106,20.645,6
-53.507,33.366,6
-71.652,20.918,6
-72.56,21.565,6
-72.836,22.357,6
-77.134,28.629,6
-77.886,27.849,6
-78.404,30.395,6
-79.232,29.901,6
-78.774,13.861,6
-82.639,19.411,6
-81.232,28.925,6
-81.886,30.266,6
-80.802,29.675,6
-79.321,31.175,6
-80.854,32.251,6
-80.732,32.772,6
-82.626,30.646,6
-83.015,18.316,6
-82.807,18.577,6
-79.998,28.836,6
-80.4,13.359,6
-72.693,27.728,6
-80.834,30.582,6
-82.45,28.771,6
-80.447,29.35,6
-80.387,29.871,6
-81.743,29.607,6
-79.394,32.337,6
-81.323,30.705,6
-80.29,30.223,6
-80.849,27.852,6
-79.378,22.453,6
-77.976,25.795,6
-70.479,24.98,6
-61.046,24.396,6
-80.452,20.377,6
-77.67,25.172,6
-77.882,28.312,6
-76.35,27.319,6
-79.777,20.411,6
-71.952,27.318,6
-75.859,27.568,6
-81.4,27.835,6
-73.258,28.438,6
-79.071,14.043,6
-79.479,24.916,6
-80.607,19.788,6
-86.142,10.42,6
-78.664,32.013,6
-82.131,16.983,6
-79.984,30.904,6
-78.205,31.381,6
-81.695,27.475,6
-78.778,31.397,6
-79.858,32.104,6
-81.803,30.784,6
-78.536,29.106,6
-81.141,29.697,6
-79.382,30.537,6
-82.061,17.335,6
-82.483,16.229,6
-80.955,13.909,6
-79.373,28.407,6
-73.473,27.01,6
-68.565,30.322,6
-70.848,25.506,6
-67.613,28.296,6
-67.036,28.664,6
-57.181,39.697,6
-58.947,43.7,6
-68.439,27.445,6
-68.118,28.314,6
-67.53,27.24,6
-74.161,27.049,6
-73.086,23.951,6
-80.653,14.118,6
-72.827,26.631,6
-72.396,25.587,6
-69.005,28.552,6
-74.38,25.439,6
-71.561,28.324,6
-69.164,28.82,6
-73.146,25.129,6
-65.221,21.108,6
-62.062,17.946,6
-71.911,22.846,6
-71.307,21.811,6
-70.969,22.399,6
-71.63,21.853,6
-72.12,23.219,6
-80.567,20.725,6
-78.629,12.174,6
-80.176,22.643,6
-79.144,25.087,6
-77.147,27.653,6
-76.605,28.164,6
-81.24,19.249,6
-87.999,14.534,6
-81.198,13.419,6
-78.909,12.432,6
-75.235,24.643,6
-57.778,39.086,6
-60.519,24.487,6
-73.578,25.312,6
-72.238,26.436,6
-61.024,24.51,6
-56.023,39.633,6
-66.979,29.923,6
-68.722,28.454,6
-70.178,25.045,6
-68.367,29.259,6
-70.208,22.037,6
-78.38,24.527,6
-71.327,26.332,6
-67.867,23.281,6
-68.311,23.29,6
-68.531,22.958,6
-68.559,24.077,6
-67.762,29.721,6
-42.422,31.289,6
-68.699,22.713,6
-68.691,24.061,6
-41.447,31.884,6
-38.833,31.195,6
-55.54,19.466,6
-73.05,24.288,6
-69.592,24.149,6
-67.353,32.238,6
-67.655,31.783,6
-74.205,26.805,6
-60.26,44.139,6
-67.184,28.142,6
-57.381,38.487,6
-59.737,44.52,6
-60.406,44.074,6
-70.994,24.239,6
-60.503,23.773,6
-69.444,27.99,6
-67.963,27.549,6
-56.25,35.008,6
-63.114,28.274,6
-56.348,34.878,6
-41.697,33.694,6
-41.677,33.347,6
-41.736,32.539,6
-42.814,31.493,6
-40.755,32.376,6
-40.773,32.901,6
-40.969,33.228,6
-56.53,35.376,6
-41.827,31.492,6
-56.204,39.6,6
-49.171,48.853,6
-46.657,36.75,6
-46.157,41.011,6
-60.985,22.701,6
-69.06,22.049,6
-38.33,31.443,6
-57.801,40.804,6
-59.416,44.85,6
-79.926,-19.574,6
-79.923,-19.552,6
-52.295,33.608,6
-40.255,30.841,6
-36.401,22.909,6
-39.825,31.148,6
-38.01,31.211,6
-42.164,46.096,6
-42.998,46.097,6
-44.605,48.475,6
-45.829,48.011,6
-42.082,45.356,6
-58.333,43.79,6
-46.662,39.84,6
-44.802,43.274,6
-44.165,45.74,6
-44.196,43.778,6
-42.456,44.972,6
-42.262,43.892,6
-50.583,43.833,6
-46.475,45.614,6
-48.119,46.562,6
-46.993,46.903,6
-44.491,44.199,6
-43.53,44.426,6
-47.879,34.505,6
-48.359,37,6
-46.629,44.29,6
-47.175,33.118,6
-50.581,-25.752,6
-50.573,-25.724,6
-39.895,-14.126,6
-55.323,-4.3571,6
-47.61,44.644,6
-51.681,43.573,6
-52.561,45.255,6
-44.087,46.481,6
-45.716,40.252,6
-52.046,43.848,6
-47.099,47.707,6
-49.726,44.9,6
-45.22,44.867,6
-48.981,44.636,6
-46.918,44.81,6
-43.856,36.154,6
-42.003,36.044,6
-42.087,36.345,6
-55.261,45.337,6
-49.123,48.569,6
-55.768,36.265,6
-48.518,47.277,6
-45.151,46.285,6
-45.326,44.356,6
-43.185,36.496,6
-47.322,42.685,6
-52.038,34.109,6
-57.862,40.791,6
-44.836,46.838,6
-43.478,48.007,6
-45.477,41.959,6
-47.381,38.009,6
-48.575,38.246,6
-52.371,43.49,6
-48.097,45.665,6
-55.644,36.551,6
-56.232,35.979,6
-48.547,37.527,6
-56.081,-2.0198,6
-46.875,40.305,6
-47.639,40.731,6
-48.368,27.469,6
-49.152,35.831,6
-47.763,40.211,6
-51.774,33.825,6
-60.374,23.051,6
-53.684,32.934,6
-52.891,34.744,6
-52.624,41.338,6
-54.311,44.591,6
-44.477,36.371,6
-53.004,33.722,6
-48.415,26.719,6
-52.805,34.655,6
-72.392,20.865,6
-60.702,24.902,6
-51.33,32.942,6
-47.306,43.127,6
-49.536,36.894,6
-48.841,42.916,6
-55.763,43.77,6
-80.659,-21.356,6
-80.679,-21.515,6
-80.463,-21.086,6
-80.522,-20.952,6
-80.631,-21.169,6
-57.357,44.881,6
-57.683,45.312,6
-27.039,93.698,1
-48.79,45.301,6
-47.414,46.409,6
-58.72,45.124,6
-48.273,48.082,6
-49.197,48.261,6
-48.067,43.855,6
-52.125,46.76,6
-51.98,37.799,6
-51.959,37.916,6
-55.161,45.855,6
-54.313,46.284,6
-53.528,46.501,6
-54.939,46.063,6
-54.134,45.804,6
-49.915,34.78,6
-50.262,36.43,6
-48.752,35.503,6
-48.604,34.161,6
-47.127,38.822,6
-45.813,45.219,6
-47.636,37.172,6
-46.682,47.319,6
-48.355,46.048,6
-50.293,46.498,6
-52.128,38.22,6
-49.336,34.833,6
-52.45,41.942,6
-52.697,46.63,6
-52.625,38.915,6
-51.07,46.477,6
-50.463,37.052,6
-54.897,44.324,6
-49.007,36.522,6
-52.625,45.645,6
-45.107,45.829,6
-45.718,46.582,6
-44.541,47.211,6
-45.391,46.936,6
-55.996,45.584,6
-50.922,43.863,6
-51.18,43.986,6
-43.523,45.112,6
-41.782,44.08,6
-44.547,45.249,6
-43.592,44.837,6
-48.186,32.753,6
-43.316,26.906,6
-53.384,40.278,6
-53.649,41.408,6
-41.575,9.3582,6
-54.404,39.665,6
-40.134,24.441,6
-48.466,31.255,6
-42.188,20.115,6
-42.348,22.896,6
-42.757,23.314,6
-55.233,-2.6347,6
-45.228,23.624,6
-43.931,19.902,6
-44.032,22.664,6
-37.828,27.151,6
-48.116,31.471,6
-55.32,40.893,6
-45.172,35.684,6
-45.26,36.215,6
-48.917,31.984,6
-44.615,27.236,6
-40.069,24.957,6
-39.219,24.378,6
-36.897,28.994,6
-41.955,20.108,6
-47.393,24.599,6
-39.489,20.467,6
-42.739,13.013,6
-28.373,-22.629,6
-28.322,-22.531,6
-37.059,27.382,6
-36.847,28.134,6
-36.636,28.78,6
-30.332,-71.974,5
-30.303,-71.989,5
-37.762,-4.5961,6
-38.69,-4.0316,6
-30.601,-13.739,6
-30.489,-13.349,6
-58.912,12.074,6
-58.98,12.332,6
-59.28,11.197,6
-59.694,16.511,6
-59.478,16.291,6
-59.021,16.635,6
-58.936,18.383,6
-59.009,17.191,6
-61.625,16.286,6
-58.232,11.598,6
-45.826,11.073,6
-47.076,-0.72848,6
-44.805,-1.0163,6
-40.654,9.845,6
-53.105,-3.503,6
-53.673,-15.469,6
-42.144,16.003,6
-34.398,20.518,6
-41.785,14.004,6
-38.29,22.464,6
-41.456,20.165,6
-38.355,30.147,6
-38.04,31.125,6
-39.826,30.373,6
-36.799,21.237,6
-38.938,27.746,6
-38.51,29.129,6
-41.405,11.693,6
-38.111,17.835,6
-41.946,20.569,6
-39.336,24.16,6
-37.807,22.072,6
-40.029,17.398,6
-38.745,24.07,6
-36.758,20.181,6
-34.839,20.493,6
-34.744,19.609,6
-35.255,20.067,6
-35.026,23.13,6
-35.611,22.502,6
-35.49,22.83,6
-34.482,19.876,6
-35.666,21.561,6
-34.784,21.465,6
-35.373,19.169,6
-58.567,15.547,6
-61.001,13.349,6
-60.723,12.333,6
-60.917,16.091,6
-60.804,12.146,6
-29.207,-12.726,6
-60.701,11.511,6
-51.243,-0.084294,6
-57.902,15.715,6
-57.781,14.672,6
-60.499,12.964,6
-60.375,12.64,6
-61.058,13.063,6
-57.834,15.243,6
-31.748,-13.886,6
-41.997,12.494,6
-37.949,23.536,6
-37.545,18.777,6
-41.605,12.587,6
-43.138,14.257,6
-36.788,19.939,6
-37.457,23.265,6
-37.669,23.582,6
-36.359,20.226,6
-35.754,20.978,6
-36.098,24.526,6
-39.346,27.301,6
-44.05,25.493,6
-39.098,28.581,6
-57.721,44.244,6
-55.704,40.582,6
-38.951,29.472,6
-38.015,21.942,6
-35.862,23.938,6
-43.082,21.359,6
-38.548,25.445,6
-43.217,19.646,6
-55.475,-1.5709,6
-44.445,35.51,6
-44.409,35.496,6
-41.555,10.816,6
-41.626,14.684,6
-42.014,9.825,6
-46.758,23.832,6
-41.184,13.952,6
-41.145,-17.691,6
-39.099,-5.7324,6
-41.222,13.47,6
-45.616,24.201,6
-39.21,22.824,6
-39.857,26.518,6
-40.437,18.592,6
-41.313,15.663,6
-36.386,-13.158,6
-39.413,-5.7886,6
-40.476,17.155,6
-46.767,20.567,6
-39.73,26.619,6
-45.753,22.852,6
-51.676,26.467,6
-55.946,40.814,6
-46.269,26.188,6
-45.094,25.657,6
-41.179,22.92,6
-43.735,20.797,6
-42.636,14.353,6
-46.542,13.245,6
-50.358,-6.5945,6
-47.391,13.155,6
-45.765,12.925,6
-46.168,13.839,6
-46.365,18.688,6
-42.213,16.816,6
-45.741,12.397,6
-36.158,-25.319,6
-47.306,-24.774,6
-28.483,-20.841,6
-29.592,-24.527,6
-46.71,24.729,6
-39.872,18.343,6
-37.95,-4.7808,6
-44.973,13.882,6
-41.048,16.606,6
-40.824,17.062,6
-38.422,19.287,6
-43.019,13.335,6
-44.85,20.891,6
-38.249,-4.0725,6
-55.2,-2.5012,6
-53.855,-3.7875,6
-54.782,-3.1539,6
-54.872,-3.5469,6
-54.049,-6.681,6
-52.701,-5.4906,6
-48.265,-7.8152,6
-50.885,-8.8241,6
-53.165,-0.76077,6
-51.668,-1.0645,6
-46.699,-24.732,6
-34.092,-32.252,6
-30.001,-18.612,6
-28.697,-12.423,6
-28.409,-20.577,6
-37.101,-3.1897,6
-44.883,13.996,6
-55.411,-1.9755,6
-39.152,-3.9113,6
-49.968,-8.836,6
-48.191,-13.05,6
-36.941,-2.8531,6
-42.338,14.46,6
-45.098,18.02,6
-46.564,22.988,6
-47.633,22.979,6
-48.16,21.04,6
-32.836,-65.135,5
-33.161,-33.246,6
-55.94,41.019,6
-45.743,14.357,6
-41.928,25.432,6
-43.738,21.441,6
-41.346,21.459,6
-42.998,21.856,6
-40.145,10.27,6
-53.591,-2.6292,6
-48.464,30.698,6
-38.338,28.679,6
-42.263,24.089,6
-46.333,21.363,6
-43.208,13.7,6
-45.985,25.272,6
-38.992,21.415,6
-54.611,-1.8942,6
-47.226,20.487,6
-47.314,23.448,6
-47.628,20.602,6
-48.21,21.727,6
-47.035,24.37,6
-41.129,-18.184,6
-48.003,20.83,6
-47.049,22.618,6
-48.796,23.346,6
-49.141,23.832,6
-51.775,26.525,6
-46.19,-8.2138,6
-46.849,-8.3401,6
-44.668,20.118,6
-39.576,-4.7345,6
-42.38,13.194,6
-40.574,9.7507,6
-79.3,-25.936,6
-79.442,-24.149,6
-30.21,-13.457,6
-46.28,1.3381,6
-44.222,-1.3098,6
-34.514,-21.487,6
-34.714,-26.196,6
-34.39,-26.293,6
-35.579,-19.946,6
-79.167,-23.403,6
-54.614,-8.1774,6
-51.124,-0.54249,6
-43.611,-27.343,6
-32.767,-29.648,6
-44.399,-1.4954,6
-28.575,93.257,1
-42.943,16.939,6
-57.99,17.263,6
-46.234,2.1561,6
-41.37,-9.4638,6
-42.96,-23.057,6
-34.567,-26.641,6
-35.351,-28.135,6
-35.533,-19.235,6
-35.87,-18.668,6
-36.523,-20.197,6
-79.495,-25.401,6
-79.515,-25.15,6
-43.696,-22.958,6
-52.158,-19.658,6
-47.286,-27.462,6
-53.434,-8.2341,6
-54.508,-7.5323,6
-50.939,-1.8688,6
-49.979,-2.4478,6
-46.524,0.4708,6
-47.811,-0.81508,6
-46.87,-1.501,6
-46.787,-1.7785,6
-50.15,-2.8787,6
-48.636,1.2165,6
-48.545,-0.28423,6
-55.159,22.663,6
-60.158,41.271,6
-50.31,-2.6626,6
-47.161,-2.1693,6
-46.647,-2.3645,6
-46.597,1.3615,6
-56.743,20.4,6
-56.841,20.661,6
-56.522,21.371,6
-56.369,20.653,6
-55.159,23.533,6
-55.93,22.135,6
-57.569,19.692,6
-57.535,21.618,6
-54.03,-54.243,5
-45.191,0.086416,6
-50.627,1.0076,6
-53.175,23.576,6
-56.775,21.64,6
-35.122,-62.712,5
-35.3,-63.19,5
-34.353,-63.592,5
-33.951,-63.84,5
-33.522,-64.336,5
-33.686,-64.323,5
-34.803,-63.925,5
-35.178,-63.987,5
-37.182,-64.203,5
-31.257,96.517,1
-30.065,96.738,1
-30.507,95.325,1
-28.031,92.463,1
-29.764,95.887,1
-52.413,-8.3823,6
-49.937,-2.1351,6
-48.914,1.7369,6
-55.305,21.968,6
-53.746,-0.85503,6
-53.223,-17.036,6
-49.192,-9.6108,6
-74.934,-20.91,6
-40.122,-26.156,6
-45.8,1.4872,6
-46.492,1.6831,6
-47.896,0.49635,6
-76.676,-20.218,6
-35.092,-34.44,6
-51.749,-7.7044,6
-42.39,-6.618,6
-46.279,-6.7436,6
-54.424,-5.0757,6
-52.024,-10.237,6
-40.856,-13.877,6
-53.247,-8.9632,6
-53.781,-9.5705,6
-52.771,-19.033,6
-41.826,-24.275,6
-75.395,-20.816,6
-76.257,-20.401,6
-52.757,-17.361,6
-47.348,-25.929,6
-29.964,93.881,1
-28.621,96.108,1
-35.557,-15.541,6
-35.133,-15.72,6
-42.515,-27.531,6
-32.232,-22.826,6
-37.107,-22.662,6
-44.643,-18.731,6
-44.489,-20.447,6
-53.285,-16.325,6
-44.407,-20.399,6
-44.687,-18.444,6
-45.889,-7.2518,6
-48.044,-8.6652,6
-35.223,-15.567,6
-43.47,-15.453,6
-60.167,41.154,6
-45.954,18.115,6
-47.559,1.5767,6
-47.761,0.12579,6
-77.874,-19.434,6
-53.913,22.824,6
-48.132,0.51646,6
-50.196,-18.967,6
-34.819,-25.166,6
-42.016,-13.722,6
-30.261,-21.546,6
-45.471,-14.082,6
-41.873,-21.927,6
-39.262,-16.168,6
-33.172,-30.822,6
-33.387,-34.651,6
-34.365,-33.749,6
-35.542,-32.628,6
-41.191,-23.916,6
-35.273,-20.462,6
-35.504,-22.807,6
-31.12,-26.123,6
-48.765,-7.21,6
-77.206,-19.725,6
-31.605,-20.802,6
-32.294,-19.242,6
-32.418,-18.54,6
-33.294,-20.532,6
-31.333,-16.223,6
-33.716,-17.911,6
-32.963,-19.631,6
-32.16,-25.577,6
-31.29,-27.569,6
-31.818,-25.896,6
-40.425,-23.886,6
-36.13,-29.461,6
-52.293,-19.034,6
-40.158,-25.503,6
-40.459,-24.825,6
-33.341,-21.378,6
-31.188,-23.95,6
-42.032,-21.294,6
-30.218,-25.797,6
-30.161,-24.039,6
-29.54,-19.379,6
-32.079,-16.649,6
-39.103,-28.245,6
-46.025,-28.877,6
-37.212,-28.677,6
-32.178,-23.649,6
-29.953,-20.672,6
-32.16,-22.057,6
-32.491,-23.849,6
-36.474,-30.318,6
-36.721,-28.004,6
-35.665,-29.839,6
-31.174,-26.13,6
-33.046,-30.161,6
-36.52,-29.719,6
-41.376,-22.87,6
-34.525,-34.432,6
-34.472,-34.571,6
-34.484,-34.981,6
-33.891,-34.449,6
-34.964,-32.407,6
-34.763,-31.269,6
-34.96,-31.598,6
-46.342,-14.481,6
-47.216,-21.164,6
-41.368,-21.64,6
-41.871,-27.746,6
-31.451,-17.96,6
-40.791,-14.203,6
-43.335,-14.84,6
-31.809,-18.456,6
-48.974,-17.729,6
-37.07,-23.347,6
-30.336,-25.086,6
-46.561,-26.221,6
-33.797,-30.767,6
-36.771,-23.223,6
-29.936,-23.654,6
-42.526,-20.752,6
-42.936,-10.183,6
-48.509,-7.0699,6
-44.262,-10.997,6
-38.231,-9.5231,6
-42.395,-13.398,6
-38.388,-8.6136,6
-42.734,-12.892,6
-38.027,-9.8832,6
-33.095,-19.039,6
-30.701,-17.336,6
-31.38,-22.926,6
-31.583,-24.02,6
-37.754,-9.7074,6
-40.024,-9.1651,6
-51.599,-7.2424,6
-41.794,-12.898,6
-38.848,-8.832,6
-49.303,-0.0057888,6
-49.916,-1.196,6
-48.374,-20.263,6
-37.843,-29.948,6
-44.496,-19.817,6
-47.61,-19.108,6
-49.029,-19.45,6
-46.426,-27.402,6
-46.927,-31.308,6
-46.351,-30.474,6
-40.022,-23.2,6
-46.955,-23.903,6
-38.48,-28.549,6
-41.037,-20.62,6
-49.335,-18.945,6
-43.425,-25.796,6
-37.101,-30.425,6
-38.797,-22.444,6
-46.166,-17.236,6
-39.771,-30.808,6
-43.658,-25.372,6
-39.473,-21.958,6
-49.607,-19.8,6
-40.448,-25.38,6
-45.983,-26.595,6
-46.671,-26.877,6
-41.046,-23.429,6
-33.763,-23.138,6
-38.879,-60.542,5
-46.073,-27.183,6
-50.385,-19.77,6
-45.968,-30.081,6
-47.251,-21.543,6
-36.082,-24.269,6
-36.732,-28.907,6
-38.111,-27.923,6
-40.353,-23.941,6
-34.099,-19.389,6
-42.235,-9.9991,6
-43.389,-10.935,6
-33.117,-17.804,6
-33.497,-23.685,6
-51.133,-7.5407,6
-39.715,-8.2983,6
-38.716,-11.25,6
-38.957,-9.8034,6
-42.071,-12.627,6
-38.99,-16.526,6
-32.544,-17.25,6
-44.109,11.37,6
-45.334,11.245,6
-45.044,10.992,6
-38.444,-10.088,6
-40.111,-18.846,6
-37.724,-8.7692,6
-39.164,-10.211,6
-39.074,-11.399,6
-33.62,-19.025,6
-41.128,-26.634,6
-40.7,-22.683,6
-42.57,-12.016,6
-38.758,-11.579,6
-43.049,-12.462,6
-33.095,-16.772,6
-39.868,-17.728,6
-28.57,95.314,1
-44.714,-27.752,6
-40.035,-18.255,6
-33.956,-18.239,6
-31.055,-24.697,6
-33.806,-30.876,6
-33.681,-23.842,6
-31.82,-17.603,6
-36.553,-31.047,6
-36.221,-31.095,6
-42.431,-20.012,6
-39.119,-22.579,6
-39.681,-28.78,6
-50.305,-20.341,6
-45.455,-22.598,6
-40.318,-29.07,6
-44.726,-28.888,6
-45.73,-27.682,6
-46.185,-25.007,6
-34.32,-34.17,6
-46.299,-30.827,6
-39.88,-31.292,6
-53.277,-16.946,6
-51.631,-17.575,6
-45.619,-25.821,6
-49.499,-17.755,6
-47.43,-22.625,6
-38.373,-17.732,6
-38.079,-23.151,6
-43.381,-14.086,6
-79.068,-23.485,6
-46.554,-29.013,6
-50.725,-18.039,6
-45.611,-16.455,6
-46.046,-12.052,6
-39.196,-61.286,5
-39.145,-61.187,5
-45.855,-24.967,6
-46.747,-31.127,6
-50.913,-18.785,6
-42.908,-24.254,6
-39.318,-18.596,6
-37.886,-16.434,6
-44.978,-8.7648,6
-47.462,-7.4436,6
-50.503,-9.5085,6
-68.96,-61.001,5
-48.731,-10.035,6
-46.497,-29.187,6
-50.79,-18.462,6
-39.316,-19.721,6
-45.22,-10.476,6
-43.872,-9.3943,6
-46.025,-12.755,6
-44.276,-10.216,6
-52.622,-7.5988,6
-44.979,-7.7893,6
-52.497,-5.911,6
-51.717,-4.3743,6
-51.403,-4.6291,6
-47.518,-7.8622,6
-44.817,-8.0859,6
-48.742,-8.7321,6
-45.169,-10.995,6
-40.993,-6.9781,6
-45.341,-8.3761,6
-43.674,-8.9483,6
-44.369,-7.7771,6
-46.232,-30.742,6
-40.802,-19.022,6
-66.526,-56.876,5
-54.184,-57.033,5
-50.454,-54.893,5
-49.354,-54.728,5
-52.016,-55.044,5
-67.535,-56.614,5
-68.971,-56.64,5
-69.293,-59.407,5
-64.899,-63.378,5
-68.855,-59.757,5
-60.572,-66.872,5
-61.415,-67.444,5
-61.634,-68.14,5
-67.768,-62.731,5
-67.86,-61.323,5
-62.146,-67.291,5
-56.99,-73.246,5
-57.476,-73.179,5
-57.598,-73.14,5
-64.822,-62.857,5
-67.732,-64.467,5
-61.304,-67.089,5
-65.014,-66.086,5
-69.063,-60.352,5
-53.136,-55.513,5
-64.06,-62.606,5
-66.939,-65.244,5
-69.191,-58.398,5
-68.092,-57.947,5
-67.155,-56.464,5
-66.37,-61.613,5
-69.436,-57.845,5
-25.339,94.518,1
-71.516,-59.749,5
-67.842,-60.092,5
-63.187,-68.416,5
-52.407,-56.049,5
-46.943,-63.738,5
-68.314,-57.478,5
-68.928,-56.586,5
-66.587,-58.783,5
-69.911,-59.751,5
-68.204,-59.742,5
-66.039,-63.301,5
-68.346,-60.598,5
-68.179,-56.724,5
-50.039,-54.928,5
-53.903,-57.507,5
-50.292,-67.632,5
-70.65,-61.462,5
-69.421,-58.84,5
-69.915,-59.7,5
-69.525,-60.218,5
-51.571,-54.931,5
-68.904,-56.087,5
-70.023,-61.014,5
-54.976,-57.747,5
-35.265,-67.21,5
-69.581,-61.681,5
-67.386,-63.832,5
-69.509,-60.567,5
-70.86,-60.887,5
-68.504,-61.266,5
-71.391,-60.997,5
-69.986,-63.786,5
-66.72,-63.16,5
-71.266,-61.74,5
-70.494,-62.046,5
-69.825,-62.579,5
-67.247,-65.034,5
-63.122,-67.179,5
-68.276,-63.885,5
-42.047,-65.935,5
-66.574,-63.68,5
-65.658,-64.736,5
-66.959,-61.321,5
-61.982,-65.336,5
-64.081,-64.497,5
-57.106,-64.19,5
-55.921,-59.667,5
-57.415,-65.018,5
-53.359,-56.71,5
-51.153,-59.042,5
-40.142,-66.083,5
-52.611,-58.176,5
-56.526,-60.724,5
-54.945,-58.215,5
-28.014,95.52,1
-28.265,93.977,1
-54.706,-60.376,5
-52.267,-56.239,5
-55.599,-59.397,5
-54.101,-61.565,5
-50.727,-60.899,5
-51.36,-55.397,5
-43.412,-59.941,5
-33.615,-72.046,5
-33.37,-70.985,5
-36.153,-69.565,5
-50.614,-58.19,5
-52.071,-59.407,5
-51.747,-58.447,5
-55.36,-56.679,5
-46.01,-57.772,5
-66.419,-57.564,5
-56.238,-61.958,5
-44.065,-66.272,5
-56.784,-62.893,5
-48.765,-63.476,5
-41.508,-66.261,5
-50.968,-62.768,5
-51.574,-62.365,5
-39.746,-67.773,5
-48.108,-64.61,5
-52.661,-64.218,5
-55.129,-64.84,5
-49.754,-69.019,5
-51.071,-70.651,5
-49.725,-66.787,5
-53.186,-65.967,5
-51.118,-67.938,5
-53.006,-64.779,5
-52.531,-64.825,5
-53.727,-67.55,5
-45.274,-72.491,5
-57.536,-67.77,5
-51.939,-64.229,5
-49.719,-63.185,5
-57.87,-65.952,5
-47.2,-65.202,5
-57.413,-62.751,5
-53.275,-67.047,5
-53.562,-67.988,5
-54.886,-64.06,5
-48.352,-69.234,5
-52.878,-71.832,5
-43.151,-67.526,5
-53.429,-74.56,5
-50.588,-69.8,5
-46.892,-71.976,5
-55.306,-68.953,5
-48.71,-71.232,5
-56.955,-71.499,5
-56.031,-72.236,5
-49.195,-72.408,5
-55.274,-72.737,5
-49.234,-70.237,5
-55.56,-71.211,5
-53.633,-70.91,5
-49.036,-71.904,5
-56.768,-68.032,5
-48.576,-68.76,5
-63.089,-66.029,5
-57.519,-69.505,5
-54.973,-70.978,5
-58.932,-69.74,5
-54.375,-72.913,5
-57.839,-70.363,5
-56.14,-70.569,5
-51.816,-73.046,5
-50.108,-69.574,5
-48.52,-72.306,5
-57.28,-70.326,5
-58.183,-69.065,5
-51.577,-67.553,5
-57.623,-67.308,5
-59.644,-65.256,5
-60.389,-65.746,5
-58.937,-69.131,5
-54.255,-74.052,5
-56.423,-72.673,5
-51.674,-73.61,5
-53.169,-72.051,5
-52.744,-70.666,5
-54.588,-73.42,5
-56.748,-72.037,5
-52.659,-68.13,5
-55.502,-69.668,5
-55.666,-67.671,5
-55.611,-66.639,5
-55.221,-62.743,5
-43.97,-60.562,5
-44.486,-60.171,5
-45.536,-59.712,5
-34.768,-67.366,5
-34.118,-68.642,5
-44.771,-66.883,5
-39.525,-65.937,5
-44.194,-61.455,5
-47.235,-69.277,5
-52.179,-65.514,5
-55.829,-64.125,5
-52.15,-60.506,5
-55.89,-61.289,5
-40.859,-66.39,5
41.469,-83.852,4
-44.579,-59.71,5
-44.735,-60.832,5
-48.312,-63.127,5
-55.599,-56.851,5
-49.281,-56.05,5
-45.14,-60.596,5
-50.956,-63.959,5
-50.69,-57.228,5
-51.99,-60.649,5
-51.322,-59.944,5
-45.127,-60.17,5
-50.26,-59.249,5
-44.799,-59.102,5
-42.998,-62.037,5
-49.622,-57.18,5
-48.023,-63.412,5
-45.757,-58.719,5
-49.283,-61.415,5
-50.482,-58.185,5
-54.963,-60.337,5
-49.652,-70.39,5
-46.793,-58.814,5
-45.378,-59.477,5
-47.021,-57.775,5
-64.457,-64.501,5
-44.275,-61.748,5
-38.979,-67.487,5
-54.928,-56.703,5
-49.733,-65.161,5
-66.05,-58.153,5
-56.304,-64.921,5
-43.371,-65.892,5
-39.361,-67.905,5
-45.442,-70.581,5
-45.918,-64.707,5
-51.702,-60.096,5
-56.068,-69.108,5
-52.165,-63.089,5
-55.046,-65.985,5
-54.234,-65.704,5
-56.475,-68.694,5
-50.65,-64.621,5
-51.867,-66.538,5
-53.239,-59.137,5
-32.249,-71.693,5
-31.946,-71.422,5
-32.93,-70.406,5
-48.435,-63.927,5
-54.81,-63.45,5
-58.521,-68.775,5
-56.406,-65.324,5
-47.119,-69.858,5
-63.213,-68.203,5
-49.844,-56.644,5
-43.615,-66.322,5
-43.598,-61.444,5
-41.582,-65.967,5
-42.334,-67.383,5
-50.548,-59.758,5
-45.743,-60.57,5
-50.993,-63.155,5
-38.204,-68.422,5
-38.455,-70.472,5
-47.623,-72.793,5
-35.314,-68.995,5
-35.868,-67.475,5
-35.327,-69.505,5
-35.543,-67.665,5
-38.044,-69.181,5
-37.979,-68.193,5
-37.148,-69.426,5
-40.796,-67.531,5
-35.35,-68.043,5
-35.831,-68.534,5
-35.077,-70.146,5
-34.776,-70.58,5
-33.852,-70.653,5
-33.73,-69.882,5
-34.072,-69.907,5
-35.903,-69.359,5
-37.338,-69.305,5
-35.605,-70.641,5
-48.357,-73.222,5
-36.9,-71.151,5
-34.246,-72.101,5
-32.126,-71.085,5
-32.338,-71.354,5
-34.781,-61.74,5
-48.765,-63.119,5
-41.435,-66.974,5
-42.608,-68.349,5
-38.204,-68.94,5
-36.921,-68.716,5
-37.364,-68.304,5
-36.877,-68.327,5
-31.232,-71.036,5
-31.656,-71.013,5
-51.192,-74.171,5
-45.783,-71.233,5
-46.525,-72.26,5
-37.262,-70.329,5
-50.269,-74.261,5
-48.627,-74.214,5
-51.696,-75.147,5
-50.505,-70.88,5
